{"initial_reset_timestamp": 1540767007.5737774, "timestamps": [1540767007.625553, 1540767007.6542406, 1540767008.1714814, 1540767008.6446784, 1540767008.6809628, 1540767008.7042615, 1540767009.1438134, 1540767009.6465533, 1540767009.6903684, 1540767009.7102349, 1540767010.2037022, 1540767010.6113057, 1540767010.6457832, 1540767010.6667178, 1540767010.6889992, 1540767010.7085242, 1540767010.7323604, 1540767010.7629552, 1540767010.7982934, 1540767010.8603272, 1540767010.906282, 1540767010.9403512, 1540767011.0059745, 1540767011.03605, 1540767011.6432192, 1540767011.6740186, 1540767011.7000937, 1540767011.7348669, 1540767012.1276784, 1540767012.644715, 1540767012.6599567, 1540767012.6917107, 1540767012.7109203, 1540767012.7365904, 1540767012.7644372, 1540767012.7882507, 1540767012.8137722, 1540767012.8606646, 1540767012.8882918, 1540767012.9212065, 1540767012.9371848, 1540767012.952196, 1540767012.9756715, 1540767012.9920783, 1540767013.0219264, 1540767013.0652616, 1540767013.106702, 1540767013.1444685, 1540767013.1728766, 1540767013.2077897, 1540767013.2274706, 1540767013.2548501, 1540767013.2756085, 1540767013.2989767, 1540767013.3307526, 1540767013.3491454, 1540767013.8256366, 1540767013.862675, 1540767013.8811214, 1540767013.9088182, 1540767013.9365873, 1540767013.9601145, 1540767013.9796438, 1540767014.5243733, 1540767014.9471931, 1540767014.9790366, 1540767015.005265, 1540767015.0266867, 1540767015.0698311, 1540767015.1307344, 1540767015.1705189, 1540767015.1977487, 1540767015.2136638, 1540767015.2390857, 1540767015.2760928, 1540767015.3181822, 1540767015.3568044, 1540767015.3863366, 1540767015.4267213, 1540767015.449894, 1540767015.4762206, 1540767015.503712, 1540767015.5291145, 1540767015.5642736, 1540767015.5901554, 1540767015.6136746, 1540767015.6477926, 1540767015.6806476, 1540767015.7092226, 1540767015.743274, 1540767015.7714872, 1540767015.794143, 1540767015.8102984, 1540767015.836209, 1540767015.8535185, 1540767015.9056342, 1540767015.9257638, 1540767015.9495652, 1540767016.4087741, 1540767016.9300447, 1540767017.4159105, 1540767017.9521291, 1540767018.5279782, 1540767019.0933304, 1540767019.6152353, 1540767020.184049, 1540767020.6547058, 1540767021.0803416, 1540767021.5862765, 1540767022.116899, 1540767022.5244727, 1540767022.5469232, 1540767023.028769, 1540767023.5035763, 1540767024.0228076, 1540767024.508628, 1540767025.091062, 1540767025.6176655, 1540767026.1497285, 1540767026.6529016, 1540767027.1186812, 1540767027.568321, 1540767028.0030606, 1540767028.441547, 1540767028.8675184, 1540767029.321101, 1540767029.7750192, 1540767030.2558908, 1540767030.6783044, 1540767031.1461945, 1540767031.5282056, 1540767032.0387383, 1540767032.5308716, 1540767032.9612994, 1540767033.4750545, 1540767033.9353132, 1540767034.3375409, 1540767034.9154727, 1540767035.375083, 1540767035.8729763, 1540767036.2900565, 1540767036.3317142, 1540767036.7914433, 1540767037.2870963, 1540767037.75534, 1540767038.2375672, 1540767038.707836, 1540767039.2162163, 1540767039.7352548, 1540767040.1760364, 1540767040.6297636, 1540767041.1813715, 1540767041.6700823, 1540767042.162618, 1540767042.6794033, 1540767042.7191126, 1540767043.2259252, 1540767043.6730106, 1540767044.2307653, 1540767044.7272608, 1540767045.205653, 1540767045.694848, 1540767046.2484279, 1540767046.6794956, 1540767046.7675388, 1540767046.7967105, 1540767046.8297064, 1540767046.858351, 1540767046.8825214, 1540767046.9080667, 1540767046.9424615, 1540767046.971206, 1540767047.4521756, 1540767047.4741378, 1540767047.8765285, 1540767047.9053175, 1540767047.9361935, 1540767047.963903, 1540767048.4628096, 1540767048.5132515, 1540767048.543623, 1540767048.5617225, 1540767048.5890326, 1540767049.0045152, 1540767049.0508308, 1540767049.517164, 1540767049.5427675, 1540767049.5710573, 1540767049.6003215, 1540767049.6856325, 1540767049.7451117, 1540767049.814128, 1540767049.856431, 1540767049.905652, 1540767049.9330611, 1540767049.9599626, 1540767049.988523, 1540767050.3860345, 1540767050.4076824, 1540767050.4233868, 1540767050.875036, 1540767050.8905423, 1540767050.9089596, 1540767050.923481, 1540767050.9418116, 1540767050.9563916, 1540767050.974816, 1540767050.987201, 1540767051.4146068, 1540767051.438767, 1540767051.458624, 1540767051.9075904, 1540767051.945057, 1540767051.9662297, 1540767051.9873579, 1540767052.0133414, 1540767052.038121, 1540767052.060043, 1540767052.0829334, 1540767052.103199, 1540767052.1191788, 1540767052.134992, 1540767052.1502068, 1540767052.1674569, 1540767052.1835582, 1540767052.1992958, 1540767052.2162368, 1540767052.2318459, 1540767052.249873, 1540767052.2652013, 1540767052.2811303, 1540767052.30281, 1540767052.3224757, 1540767052.3436904, 1540767052.360096, 1540767052.379126, 1540767052.3962834, 1540767052.4190795, 1540767052.435163, 1540767052.4528017, 1540767052.471352, 1540767052.4866638, 1540767052.5042934, 1540767052.5195527, 1540767052.5419087, 1540767052.557017, 1540767052.5737844, 1540767052.5892115, 1540767052.6056163, 1540767052.6212146, 1540767052.6390178, 1540767052.6545506, 1540767052.6710873, 1540767052.6846256, 1540767052.7026372, 1540767052.716785, 1540767052.7339654, 1540767052.7482073, 1540767052.7664702, 1540767052.7895923, 1540767052.8128996, 1540767052.8353717, 1540767052.8528392, 1540767052.908109, 1540767052.9738753, 1540767053.508559, 1540767053.526988, 1540767053.5440397, 1540767053.561426, 1540767053.5792506, 1540767053.5990424, 1540767054.0938451, 1540767054.1143076, 1540767054.137443, 1540767054.1547756, 1540767054.656801, 1540767054.6756697, 1540767054.7010522, 1540767054.7290003, 1540767054.7547157, 1540767054.77502, 1540767054.7925541, 1540767054.8154323, 1540767054.8384159, 1540767054.8701408, 1540767054.8874705, 1540767054.9152102, 1540767054.9441357, 1540767054.9607666, 1540767055.4412618, 1540767055.4578173, 1540767055.88493, 1540767055.9080305, 1540767055.9284265, 1540767055.943458, 1540767055.9608939, 1540767055.97744, 1540767056.0068097, 1540767056.0246909, 1540767056.0485744, 1540767056.0753572, 1540767056.0995364, 1540767056.1234655, 1540767056.1458447, 1540767056.165166, 1540767056.1850736, 1540767056.2052016, 1540767056.2245278, 1540767056.2546017, 1540767056.278994, 1540767056.2989485, 1540767056.3235126, 1540767056.3444219, 1540767056.362994, 1540767056.3894315, 1540767056.4081173, 1540767056.4244192, 1540767056.4455435, 1540767056.4635854, 1540767056.4892116, 1540767056.5133145, 1540767056.537197, 1540767056.5590105, 1540767056.5796633, 1540767056.5998092, 1540767056.6153789, 1540767056.6344912, 1540767056.6519322, 1540767056.6694715, 1540767056.6899853],