{"initial_reset_timestamp": 1540770156.335072, "timestamps": [1540770156.3870797, 1540770156.412868, 1540770156.8957036, 1540770156.9184132, 1540770156.950244, 1540770156.9741712, 1540770157.472908, 1540770157.5050094, 1540770157.5240483, 1540770157.5569346, 1540770158.006568, 1540770158.4903882, 1540770158.52074, 1540770158.5619473, 1540770158.59092, 1540770158.6427822, 1540770158.6711018, 1540770158.705909, 1540770158.7273185, 1540770158.7526228, 1540770158.7784123, 1540770158.8007417, 1540770158.8253093, 1540770158.8501408, 1540770158.8824103, 1540770158.9037702, 1540770158.9236603, 1540770159.4442348, 1540770159.9126961, 1540770160.462094, 1540770160.4810321, 1540770160.510412, 1540770160.5328124], "episode_lengths": [119, 46, 1600, 80, 100, 73, 1600, 124, 67, 100, 1600, 1600, 66, 89, 56, 200, 90, 118, 64, 58, 89, 65, 78, 82, 103, 76, 59, 1600, 1600, 1600, 55, 103, 66], "episode_rewards": [-112.30306878837051, -113.59092926322097, -16.43302403632877, -105.13836313786577, -96.65777319744737, -112.94290593557471, -15.202806625768718, -116.76195758677844, -117.3658681498282, -95.44667996120917, -4.161012922401026, -22.52079964895435, -104.49856635946836, -109.20583999264659, -98.0393996604885, -105.38549788427942, -113.96246545324966, -92.41592037105234, -97.46599208255012, -104.47904625672433, -117.31537949298178, -111.68745073410267, -111.69498859134484, -93.33814147563646, -125.46602687776303, -113.08231960828863, -120.3597860363429, -13.912899638144866, -18.573360077974755, -4.968722915413972, -107.81510296708805, -106.88033990234776, -101.28463690259869], "episode_types": ["t", "t", "t", "t", "t", "t", "t", "t", "t", "t", "t", "t", "t", "t", "t", "t", "t", "t", "t", "t", "t", "t", "t", "t", "t", "t", "t", "t", "t", "t", "t", "t", "t"]}