{"initial_reset_timestamp": 1540770492.5779445, "timestamps": [1540770492.6252177, 1540770492.648787, 1540770493.0996144, 1540770493.1244137, 1540770493.1532202, 1540770493.1795335, 1540770493.222354, 1540770493.6894279, 1540770493.7071671, 1540770493.7408183, 1540770494.1755068, 1540770494.661283, 1540770494.695702, 1540770494.7271821, 1540770494.7469988, 1540770494.8092787, 1540770494.837241, 1540770494.870359, 1540770494.9080832, 1540770494.936089, 1540770494.9675596, 1540770494.9936497, 1540770495.0233283, 1540770495.0643692, 1540770495.6029992, 1540770495.6352649, 1540770495.6578016, 1540770495.6989226, 1540770496.163598, 1540770496.1924992, 1540770496.2151973, 1540770496.2529802, 1540770496.269593, 1540770496.289873, 1540770496.30891, 1540770496.326922, 1540770496.357531, 1540770496.3978574, 1540770496.4208748, 1540770496.4413784, 1540770496.4575906, 1540770496.4769292, 1540770496.4922917, 1540770496.5077634, 1540770496.5235953, 1540770496.5469475, 1540770496.5687182, 1540770496.5833018, 1540770496.604615, 1540770496.6226947, 1540770496.6392822, 1540770496.6679432, 1540770496.6928766, 1540770496.7256393, 1540770496.7481709, 1540770496.7642498, 1540770496.782032, 1540770496.8058457, 1540770496.8264308, 1540770496.855064, 1540770496.894034, 1540770496.9213374, 1540770496.94652, 1540770496.9750502, 1540770497.0196393, 1540770497.0451362, 1540770497.0769792, 1540770497.1100051, 1540770497.1405444, 1540770497.1704893, 1540770497.6661143, 1540770497.6855063, 1540770497.705299, 1540770497.7411714, 1540770497.7638664, 1540770497.7911124, 1540770497.8118663, 1540770497.8302155, 1540770497.8793304, 1540770497.9173355, 1540770497.946939, 1540770497.9697392, 1540770497.9894764, 1540770498.032727, 1540770498.0600493, 1540770498.090374, 1540770498.1185412, 1540770498.1502821, 1540770498.1758966, 1540770498.205559, 1540770498.230246, 1540770498.251132, 1540770498.2674975, 1540770498.294232, 1540770498.3208632, 1540770498.343584, 1540770498.3710515, 1540770498.3965673, 1540770498.4154766, 1540770498.441274, 1540770498.4672947, 1540770498.4846199, 1540770498.5048604, 1540770498.5286236, 1540770498.556624, 1540770498.5885856, 1540770498.6256752, 1540770498.6522465, 1540770498.6786416, 1540770498.7031822, 1540770498.7311583, 1540770498.7606366, 1540770498.7982533, 1540770498.8407824, 1540770498.8697715, 1540770498.886698, 1540770498.9088135, 1540770498.9267938, 1540770498.943455, 1540770498.9588425, 1540770498.9782352, 1540770498.995139, 1540770499.0134485, 1540770499.0371153, 1540770499.064702, 1540770499.085395, 1540770499.1040983, 1540770499.1211498, 1540770499.1423712, 1540770499.1626048, 1540770499.1808262, 1540770499.2049508, 1540770499.23408, 1540770499.2590787, 1540770499.287877, 1540770499.3191557, 1540770499.353358, 1540770499.3891478, 1540770499.435895, 1540770499.4696188, 1540770499.5043085, 1540770499.5283146, 1540770499.5524025, 1540770499.5743237, 1540770500.0178216, 1540770500.0531158, 1540770500.080763, 1540770500.1070218, 1540770500.134936, 1540770500.1593533, 1540770500.189, 1540770500.2102134, 1540770500.2344303, 1540770500.2635884, 1540770500.293409, 1540770500.3161871, 1540770500.3936048, 1540770500.4153442, 1540770500.4490163, 1540770500.4738283, 1540770500.4939733, 1540770500.518693, 1540770500.5422442, 1540770500.5803645, 1540770500.6097689], "episode_lengths": [119, 51, 1600, 95, 100, 73, 171, 1600, 58, 124, 1600, 1600, 110, 88, 66, 254, 92, 106, 108, 102, 98, 87, 95, 102, 1600, 68, 49, 89, 1600, 101, 74, 145, 49, 49, 58, 53, 74, 89, 47, 54, 54, 64, 49, 46, 53, 70, 62, 43, 68, 55, 46, 103, 65, 84, 63, 51, 57, 84, 57, 57, 90, 55, 48, 59, 109, 61, 60, 75, 75, 55, 1600, 57, 60, 116, 66, 63, 65, 59, 133, 79, 79, 52, 54, 85, 51, 60, 55, 68, 66, 64, 58, 59, 47, 84, 81, 77, 94, 79, 56, 55, 69, 52, 66, 75, 59, 67, 87, 61, 61, 61, 55, 63, 107, 99, 62, 57, 69, 59, 53, 51, 60, 56, 59, 60, 57, 68, 60, 53, 71, 58, 53, 80, 98, 80, 79, 91, 79, 73, 117, 70, 100, 65, 74, 70, 1600, 79, 87, 71, 102, 77, 100, 69, 84, 95, 94, 68, 309, 62, 120, 71, 67, 81, 67, 124, 100], "episode_rewards": [-112.2424557088925, -116.55159039192488, -18.31419173831855, -104.29280224416998, -95.96289404309728, -112.95639001180021, -106.45726586543884, -4.600368636355145, -112.71331996632902, -123.3501644760466, -7.137597245059177, -14.65469862359481, -97.99310531666008, -94.00748920256952, -99.97759966076458, -104.80338961812907, -123.49808946540027, -93.87840914893647, -99.08479148432825, -106.37160180580854, -117.76548134109505, -112.31030256902682, -98.4766995609452, -93.42667646167243, -12.141675854389206, -101.0036184899944, -116.9991407075045, -94.02631236431706, -28.068171057114565, -117.59169488729336, -116.12596943858243, -102.93068249341893, -101.53056597712336, -102.1166122960074, -101.24829943298965, -102.95735373586884, -102.75114016157299, -95.66899453547488, -103.06477743942614, -100.41615067528993, -100.48967404820401, -98.81001826382908, -104.54349713873324, -101.98606844329056, -101.47283457639068, -98.31998938041792, -99.02924741106261, -104.30375536694451, -98.13981414979669, -99.68756256729453, -103.4167591518044, -98.85692523987699, -98.48688242527915, -99.44652424553108, -98.66038285174896, -100.98485560414346, -98.95520684259333, -98.31509047398436, -100.75946998016427, -99.28787119589391, -105.5196069098714, -101.22960219168753, -101.89826948746754, -98.6708235983981, -98.0626340638128, -97.19949499554863, -98.95667864190837, -95.53459758940191, -101.55906102367437, -100.39537231123671, -29.546239645993236, -98.90179618704471, -97.94723842793371, -116.32697822091602, -98.81225827619832, -96.93429036660821, -96.16839969302417, -98.5726927004039, -96.25219668272902, -95.42814303012374, -102.66286413420134, -98.34812774298341, -99.61971912273852, -95.98260231828424, -99.12599717115872, -97.43899172170178, -97.77956423208185, -97.00096534086462, -98.06982848959133, -96.06650818911413, -97.39781235374348, -97.66745690057044, -100.39623828461762, -94.3074513575583, -93.30030796095961, -99.70858879878155, -92.41908805304203, -96.90994495517572, -105.10938016213673, -105.3434615999451, -102.90343737251573, -105.35901551808328, -98.89989522189185, -99.86279477424735, -108.99843553937201, -100.886477985633, -106.98328895513028, -106.93224557939782, -103.48416489484637, -102.91016998753129, -104.18690046723069, -114.33499761431572, -99.29709969237352, -104.64718894240289, -110.21472253666937, -105.07152568208365, -100.7902476832043, -106.4062774739206, -106.41539469518088, -106.43326644736526, -104.74535183284655, -105.64487996824653, -103.68545038299588, -102.8887222994736, -106.39435403720765, -104.70993086419247, -102.92253360719221, -106.78130150700969, -100.42866430211518, -110.91539718761189, -104.6360911710142, -100.28000675592601, -111.52195027165229, -98.65962744541947, -101.71118381943288, -97.21918971843212, -100.27932191230113, -100.36486399841228, -119.39508958852682, -101.63323709900295, -102.44146903446432, -100.46440464223467, -99.75588692197502, -100.91629848294043, -90.84652184019096, -100.6669833312767, -99.94343864183503, -101.12040089069738, -105.16780782571621, -100.85674715044807, -97.509461790528, -103.05565840134336, -108.93187429271222, -99.8763761572726, -101.33124964815973, -99.23552355026892, -98.59137667956786, -101.56231742895807, -105.30374186605805, -100.07665972111414, -102.98938025906959, -99.88098197357026, -101.87169930900914, -101.31625757157673, -97.08312305672119],