{"initial_reset_timestamp": 1540770749.4231262, "timestamps": [1540770749.4675314, 1540770749.4974253, 1540770749.9863935, 1540770750.4534986, 1540770750.4832206, 1540770750.5310287, 1540770750.9221916, 1540770751.4032266, 1540770751.4637685, 1540770751.5005565, 1540770751.9750693, 1540770752.4440024, 1540770752.4732053, 1540770752.5056984, 1540770752.5277393, 1540770753.0053866, 1540770753.0447164, 1540770753.07649, 1540770753.1039321, 1540770753.1308608, 1540770753.1569924, 1540770753.2559705, 1540770753.311684, 1540770753.3554518, 1540770753.8490734, 1540770753.883135, 1540770753.9131584, 1540770753.972797, 1540770754.4060924, 1540770754.8724554, 1540770754.8851473, 1540770754.912909, 1540770755.4116778, 1540770755.9127846, 1540770756.4519095, 1540770756.9094048, 1540770756.9571447, 1540770757.4819186, 1540770757.9399312, 1540770758.4621463, 1540770758.9931061, 1540770759.4890187, 1540770759.9646866, 1540770760.4902554, 1540770760.937099, 1540770760.976885, 1540770761.4134445, 1540770761.8693619, 1540770762.3025951, 1540770762.77887, 1540770763.339986, 1540770763.852522, 1540770764.2705069, 1540770764.692003, 1540770765.137046, 1540770765.5694513, 1540770766.0505328, 1540770766.5504155, 1540770766.9615266, 1540770767.4309433, 1540770767.4671898, 1540770767.8790858, 1540770768.3472242, 1540770768.7446969, 1540770769.1160514, 1540770769.152237, 1540770769.1783996, 1540770769.2013204, 1540770769.2270749, 1540770769.2433546, 1540770769.276201, 1540770769.291659, 1540770769.3070045, 1540770769.329847, 1540770769.35873, 1540770769.7410047, 1540770770.1735466, 1540770770.2134662, 1540770770.2422044, 1540770770.2598946, 1540770770.2807117, 1540770770.30691, 1540770770.3232687, 1540770770.3430192, 1540770770.3610165, 1540770770.3775814, 1540770770.3954394, 1540770770.4172907, 1540770770.443785, 1540770770.4635894, 1540770770.4971488, 1540770770.535417, 1540770770.6049454, 1540770770.6452823, 1540770771.1193044, 1540770771.1402876, 1540770771.1607864, 1540770771.1965632, 1540770771.208825, 1540770771.2367797, 1540770771.2526357, 1540770771.2697406, 1540770771.3010437, 1540770771.3161619, 1540770771.8027735, 1540770771.8524513, 1540770772.2590826, 1540770772.2797225, 1540770772.3332403, 1540770772.837344, 1540770773.251041, 1540770773.2873797, 1540770773.324613, 1540770773.3696315, 1540770773.3943079, 1540770773.432951, 1540770773.472126, 1540770773.503761, 1540770773.5164123, 1540770773.5337553, 1540770773.5529935, 1540770773.5753722, 1540770773.5919368, 1540770774.039402, 1540770774.0582447, 1540770774.4648848, 1540770774.5039065, 1540770774.921813, 1540770774.9361022, 1540770774.9546661, 1540770774.9673035, 1540770774.997469, 1540770775.0286307, 1540770775.0534713, 1540770775.080039, 1540770775.0983264, 1540770775.1143115, 1540770775.1353576, 1540770775.1531897, 1540770775.2499952, 1540770775.2720337, 1540770775.29828, 1540770775.3308368, 1540770775.3543823, 1540770775.3804405, 1540770775.4108531, 1540770775.4418323, 1540770775.4673572, 1540770775.4958684, 1540770775.5163481, 1540770775.5719965, 1540770775.588725, 1540770775.6099849, 1540770775.6263564, 1540770775.6455722, 1540770775.673045, 1540770775.696475, 1540770775.7157097, 1540770775.7348616, 1540770775.755826, 1540770775.7728474, 1540770775.8014178, 1540770775.8255823, 1540770775.8452764, 1540770775.8687847], "episode_lengths": [119, 63, 1600, 1600, 63, 128, 1600, 1600, 159, 81, 1600, 1600, 101, 105, 68, 1600, 120, 113, 79, 96, 87, 270, 123, 102, 1600, 82, 62, 155, 1600, 1600, 35, 89, 1600, 1600, 1600, 1600, 107, 1600, 1600, 1600, 1600, 1600, 1600, 1600, 1600, 114, 1600, 1600, 1600, 1600, 1600, 1600, 1600, 1600, 1600, 1600, 1600, 1600, 1600, 1600, 106, 1600, 1600, 1600, 1600, 152, 57, 76, 100, 50, 121, 52, 49, 79, 97, 1600, 1600, 146, 94, 65, 64, 86, 54, 61, 66, 43, 61, 74, 95, 78, 140, 98, 166, 83, 1600, 59, 68, 93, 38, 99, 57, 40, 88, 46, 1600, 188, 1600, 66, 158, 1600, 1600, 132, 91, 103, 55, 99, 111, 132, 39, 38, 69, 82, 44, 1600, 40, 1600, 95, 1600, 38, 63, 40, 65, 52, 50, 55, 57, 48, 58, 51, 367, 65, 54, 75, 46, 52, 60, 61, 48, 62, 43, 178, 46, 63, 54, 57, 81, 67, 58, 63, 63, 49, 103, 94, 48, 65], "episode_rewards": [-112.57366274871241, -120.58992289694433, -13.353110284097694, -17.111001511309325, -102.52281918250887, -98.39445033655495, -1.3580979154602453, -12.561431392306687, -125.90202944488678, -117.29574608438196, -6.697718713563343, -24.55042536984326, -99.04072872951012, -93.12132308454999, -104.16955969972508, -12.19321597132841, -119.84271266590518, -93.7755650798393, -97.39151989860547, -97.61876380576868, -100.85229766779948, -114.19690990288927, -127.01263125381251, -94.19890867928585, -13.74910949927246, -111.40586794840453, -118.25679657684134, -93.99222612937157, -16.273051206923736, -8.162886185239152, -103.91357757309304, -115.55792870896838, -20.025180098482856, -14.803289795409233, -34.40515359885052, -37.98132629628896, -96.7299050469473, -26.517912169319686, -36.57759201081909, -23.814518785307254, -17.41235574922811, -13.199133869241466, -31.604134512736977, -25.767221891976135, -38.57209552557041, -93.23670054717155, -28.11012068694446, -22.434623046822203, -46.92707736806262, -18.197526015921586, -25.856858948029995, -21.711845811985302, -31.58057808932351, -46.59320801821264, -23.0227273998276, -25.425730586860727, -27.01300902227924, -20.343487500943592, -27.533072382299988, -26.589542697498786, -97.76485331474308, -34.751376090745914, -32.96126141693882, -55.74816825754102, -23.792277074466003, -107.66377391258983, -118.82460292698781, -100.73502012806398, -102.22214522978015, -107.73811242373412, -108.01269448844775, -111.17579048591256, -111.00495005420109, -115.64970792212173, -100.693457161772, -108.59944607650053, -25.314772861369637, -122.38207101204773, -104.34770531404176, -113.24397376234707, -116.89457842469581, -100.51429760380303, -106.13331303469317, -118.25676154032513, -121.15696209889924, -110.73592320562169, -114.195785760173, -101.99178964108786, -99.30555463127348, -104.8406165742653, -111.42249805734716, -105.008579534907, -129.47232804947546, -117.18232324644694, -29.036708787078027, -123.80876577429353, -107.78581851739779, -99.43515214816568, -112.0118950142186, -103.82873561859876, -109.64203573466395, -115.84756971209018, -102.03178216987153, -103.93919070233476, -79.04199611226751, -106.81064604930722, -71.54855280992284, -108.76598274258279, -123.53963771808239, -67.04513260550212, -58.83383013609962, -109.53148382449443, -99.34668352818343, -97.97930798529389, -108.84725741792869, -112.60405445415282, -107.66140643923683, -105.1429214122188, -113.61659863961766, -113.99035107115694, -102.22001688098864, -109.51141444839399, -108.63899930491223, -51.40703452008876, -112.70742342815058, -89.70355163987942, -102.65490919506709, -90.46367538929718, -113.01759116546388, -101.79991210681816, -107.99581633986942, -102.5939650857794, -101.54662522631304, -102.98459343600484, -104.83712335924439, -104.50199527650949, -104.38604479684165, -98.62803709375893, -105.68000827856721, -124.73847648845074, -100.7340111603487, -104.21745274873177, -98.15824287225404, -104.10988866267076, -99.70631486569057, -99.62235636066997, -99.12741348678722, -104.37914621369268, -99.15828061409535, -104.71308271502872, -100.63799690301933, -103.37551946527587, -102.63309928598031, -104.06225937264027, -104.02762749907339, -101.67711037006312, -98.83057521841604, -101.49199867639103, -102.23194646850342, -102.73397176297303, -104.07168559872949, -96.99277007413536, -122.47998336606591, -103.97151632674672, -99.13359464379165],