{"initial_reset_timestamp": 1540781433.0802777, "timestamps": [1540781433.1233976, 1540781433.1446912, 1540781433.5591354, 1540781433.5749304, 1540781433.9859447, 1540781434.006617, 1540781434.4176705, 1540781434.8984947, 1540781434.9387982, 1540781434.9580295, 1540781435.3445265, 1540781435.7746713, 1540781435.8050385, 1540781435.8268697, 1540781435.8446338, 1540781435.8747942, 1540781435.9019098, 1540781435.9239542, 1540781435.9492638, 1540781435.9751863, 1540781436.003888, 1540781436.032692, 1540781436.0845037, 1540781436.1159458, 1540781436.5746396, 1540781436.5977328, 1540781436.616573, 1540781436.643735, 1540781437.0175605, 1540781437.4026997, 1540781437.437582, 1540781437.9263012, 1540781438.4105906, 1540781438.8551288, 1540781438.8777595, 1540781439.3381014, 1540781439.8727667, 1540781439.9157069, 1540781440.3790948, 1540781440.8065991, 1540781440.827339, 1540781440.8595834, 1540781440.8949018, 1540781440.923665, 1540781440.948566, 1540781441.3297634, 1540781441.3620427, 1540781441.7584755, 1540781442.1758697, 1540781442.2015846, 1540781442.6175146, 1540781443.0609326, 1540781443.5688448, 1540781443.9721143, 1540781444.4361577, 1540781444.8261502, 1540781445.305915, 1540781445.781859, 1540781446.2499301, 1540781446.6408856, 1540781447.075708, 1540781447.1182926, 1540781447.5684116, 1540781448.0010993, 1540781448.0236478, 1540781448.060558, 1540781448.0983982, 1540781448.5657039, 1540781448.966755, 1540781449.4215624, 1540781449.8818612, 1540781449.905747, 1540781450.2805037, 1540781450.3016806, 1540781450.3546438, 1540781450.8050182, 1540781451.2223005, 1540781451.2543871, 1540781451.275549, 1540781451.2974062, 1540781451.3134665, 1540781451.338049], "episode_lengths": [118, 48, 1600, 55, 1600, 70, 1600, 1600, 153, 50, 1600, 1600, 94, 75, 60, 125, 86, 77, 62, 105, 113, 79, 143, 108, 1600, 80, 62, 94, 1600, 1600, 137, 1600, 1600, 1600, 65, 1600, 1600, 161, 1600, 1600, 76, 115, 120, 91, 81, 1600, 104, 1600, 1600, 74, 1600, 1600, 1600, 1600, 1600, 1600, 1600, 1600, 1600, 1600, 1600, 187, 1600, 1600, 78, 131, 108, 1600, 1600, 1600, 1600, 85, 1600, 62, 192, 1600, 1600, 116, 65, 76, 52, 73], "episode_rewards": [-112.31899750441113, -114.62076709542565, -17.209956601260192, -119.68416870800057, -16.573215454107714, -112.62969747728695, -11.168617813584692, -13.07453087819958, -120.26796416283217, -115.16357186460334, -8.292754780073281, -15.616512091356663, -99.69930229994795, -111.18120042967693, -101.6017974535246, -102.50754405818229, -113.43478299424206, -95.93939145437162, -98.86162839131383, -97.78763583898035, -114.27247162403049, -112.04918629095889, -112.97982624523813, -94.22640840513776, -13.362703096763479, -109.56613009974625, -123.19118695584042, -93.93554753268509, -24.3601695409202, -8.998111961275846, -119.93429473602494, -22.25294666532404, -21.373797765093983, -20.975263243735444, -106.31104251695206, -36.09626209645312, -27.425729326359868, -127.02433081940862, -34.37135725951515, -28.601450257697675, -102.13926336916501, -93.84567243968786, -109.20736756739839, -100.41172317055141, -99.52023376183851, -17.56251035237197, -101.83530781169819, -75.99402830524902, -44.11193843566065, -99.48058818315081, -26.05604443136795, -24.41099145192356, -31.046170895796294, -41.47881430730827, -44.86984603098921, -33.82727869840022, -34.42524179378901, -40.46215203472722, -34.48707316819129, -47.04671479222539, -11.00727601941204, -107.06527607720066, -29.678414153980295, -20.882778227407353, -97.97363407954705, -123.88390756464005, -106.89972284301228, -29.470914320148896, -52.783862243357255, -33.97505805358718, -44.66736710042316, -110.87002358972953, -63.733987531087735, -103.4549328966117, -111.11882213859361, -35.44755924544868, -65.29501539538849, -125.78183984745922, -105.35676201753274, -110.88158025617594, -121.4586635128852, -114.77884919756623], "episode_types": ["t", "t", "t", "t", "t", "t", "t", "t", "t", "t", "t", "t", "t", "t", "t", "t", "t", "t", "t", "t", "t", "t", "t", "t", "t", "t", "t", "t", "t", "t", "t", "t", "t", "t", "t", "t", "t", "t", "t", "t", "t", "t", "t", "t", "t", "t", "t", "t", "t", "t", "t", "t", "t", "t", "t", "t", "t", "t", "t", "t", "t", "t", "t", "t", "t", "t", "t", "t", "t", "t", "t", "t", "t", "t", "t", "t", "t", "t", "t", "t", "t", "t", "t"]}