{"initial_reset_timestamp": 1540790383.2826135, "timestamps": [1540790383.329571, 1540790383.3484035, 1540790383.7431507, 1540790383.7649221, 1540790383.7948217, 1540790383.8168612, 1540790384.1938384, 1540790384.63295, 1540790384.9447713, 1540790384.9609241, 1540790385.2937863, 1540790385.636689, 1540790385.6642437, 1540790385.6986976, 1540790385.715724, 1540790385.7461736, 1540790385.7649353, 1540790385.7906518, 1540790385.8148398, 1540790386.1678958, 1540790386.1927478, 1540790386.2481518, 1540790386.659053, 1540790386.6895747, 1540790386.7140024, 1540790386.7331924, 1540790386.7571208, 1540790386.7960696, 1540790386.81799, 1540790387.199, 1540790387.2129118, 1540790387.2772422, 1540790387.2948825, 1540790387.3187451, 1540790387.3414137, 1540790387.3596163, 1540790387.3760455, 1540790387.395664, 1540790387.4121056, 1540790387.4344873, 1540790387.4516692, 1540790387.4679155, 1540790387.4893417, 1540790387.5072796, 1540790387.5246658, 1540790387.542703, 1540790387.5602114, 1540790387.578861, 1540790387.5946898, 1540790387.6123145, 1540790387.6304002, 1540790387.649495, 1540790387.66686, 1540790387.685118, 1540790387.7029974, 1540790387.7204113, 1540790387.7374847, 1540790387.7548192, 1540790387.7709835, 1540790387.7868116, 1540790387.8028533, 1540790387.8194704, 1540790387.837197, 1540790387.8533642, 1540790387.8839138, 1540790388.2548652, 1540790388.628665, 1540790388.9702523, 1540790389.350222, 1540790389.3810194, 1540790389.7601202, 1540790390.11144, 1540790390.4709437, 1540790390.8111467, 1540790391.2129638, 1540790391.5595317, 1540790391.9047542, 1540790392.2990518, 1540790392.6640627, 1540790393.0137153, 1540790393.4073093, 1540790393.7443507, 1540790394.100935, 1540790394.4587445, 1540790394.8598595, 1540790395.2062116, 1540790395.5813403, 1540790395.9169421, 1540790396.2864573, 1540790396.7286212, 1540790397.10714, 1540790397.4708252, 1540790397.4969344, 1540790397.8889222, 1540790397.9223046, 1540790398.3125553, 1540790398.6967075, 1540790399.1091552, 1540790399.526819, 1540790399.5548465, 1540790399.9240494, 1540790400.3192935, 1540790400.7243516, 1540790401.0917943, 1540790401.4469855, 1540790401.8205116, 1540790402.152772, 1540790402.1819015, 1540790402.2005486, 1540790402.5749676, 1540790402.9698899, 1540790402.9931202, 1540790403.363242, 1540790403.7558663, 1540790403.7784135, 1540790403.8044648, 1540790404.1876974, 1540790404.5727096, 1540790404.6124752, 1540790405.0009863, 1540790405.3485742, 1540790405.3791497, 1540790405.731115, 1540790406.0794628, 1540790406.100371, 1540790406.4391146, 1540790406.474037, 1540790406.8638709, 1540790407.226134, 1540790407.6286128, 1540790407.9911551, 1540790408.0184722, 1540790408.0478354, 1540790408.399063, 1540790408.4194074, 1540790408.4383655, 1540790408.458084, 1540790408.8083303, 1540790408.8313286, 1540790409.175738, 1540790409.197439, 1540790409.2222502, 1540790409.2475877, 1540790409.2680848, 1540790409.2948127, 1540790409.3261719, 1540790409.357991, 1540790409.3829029, 1540790409.4049048, 1540790409.4316745, 1540790409.7960465, 1540790410.1734061, 1540790410.194354, 1540790410.2222242, 1540790410.2527294, 1540790410.6638649, 1540790411.0292838, 1540790411.0528984, 1540790411.0747452, 1540790411.4431012, 1540790411.4637275, 1540790411.4812653, 1540790411.5022497, 1540790411.5976768, 1540790411.6177585, 1540790411.6447408, 1540790411.669093, 1540790411.694305, 1540790411.7125263, 1540790411.7311075, 1540790411.7498846, 1540790411.7791173, 1540790411.7979138, 1540790411.8254201, 1540790411.8436024, 1540790411.860063, 1540790411.890334, 1540790411.9201849, 1540790411.944212, 1540790411.9667974, 1540790411.9915044, 1540790412.0127707, 1540790412.037995, 1540790412.389273, 1540790412.411224, 1540790412.439397, 1540790412.4678512, 1540790412.5102108, 1540790412.5296745, 1540790412.5558496, 1540790412.5777931, 1540790412.597148, 1540790412.6166098, 1540790412.6509628, 1540790412.669124, 1540790412.6877887, 1540790412.716327, 1540790412.7375605, 1540790412.7592635, 1540790412.7858455, 1540790412.8132923, 1540790412.8343937, 1540790412.8547316, 1540790412.8732636, 1540790412.8920045, 1540790412.9119077, 1540790412.9324863, 1540790412.9591913, 1540790412.9810507, 1540790412.9998453, 1540790413.0209956, 1540790413.0387046, 1540790413.058724, 1540790413.08202, 1540790413.100644, 1540790413.1264322, 1540790413.1459975, 1540790413.1659548, 1540790413.1897976, 1540790413.21427, 1540790413.235247, 1540790413.255184, 1540790413.2772133, 1540790413.2997255, 1540790413.3310483, 1540790413.3512042, 1540790413.373351, 1540790413.394068, 1540790413.4185648, 1540790413.439444, 1540790413.4576747, 1540790413.4790943, 1540790413.4955544, 1540790413.5143986, 1540790413.5337505, 1540790413.5526314, 1540790413.5727544, 1540790413.5922256, 1540790413.6110518, 1540790413.6291876, 1540790413.6448553, 1540790413.6640997, 1540790413.6825016, 1540790413.6988666, 1540790413.7177048, 1540790413.7341084, 1540790413.7527463, 1540790413.7710023, 1540790413.7859313, 1540790413.8052754, 1540790413.824583, 1540790413.8463068, 1540790413.864407, 1540790413.880125, 1540790413.8984149, 1540790413.9157562, 1540790413.9348383, 1540790413.952901, 1540790413.9710596, 1540790413.9894402, 1540790414.0080497, 1540790414.0281844, 1540790414.0477965, 1540790414.0687273, 1540790414.0920236, 1540790414.1170478, 1540790414.1398697, 1540790414.1619916, 1540790414.1835017, 1540790414.2003987, 1540790414.2198625, 1540790414.2409315, 1540790414.2595043, 1540790414.2798305, 1540790414.2987993, 1540790414.3270984, 1540790414.3486464, 1540790414.3682148, 1540790414.385969, 1540790414.4056811, 1540790414.4247532, 1540790414.4449224, 1540790414.4638803, 1540790414.4844182, 1540790414.5035217, 1540790414.525634, 1540790414.545407, 1540790414.5651171, 1540790414.5851374, 1540790414.6029413, 1540790414.6213045, 1540790414.6396046, 1540790414.6576633, 1540790414.6763735, 1540790414.6941345, 1540790414.7116742, 1540790414.728574, 1540790414.757665, 1540790414.7763963, 1540790414.7940538, 1540790414.8106332, 1540790414.8278036, 1540790414.84539, 1540790414.8623416, 1540790414.8792262, 1540790414.896459, 1540790414.9154198, 1540790414.9343693, 1540790414.95267, 1540790414.9721396, 1540790414.9891827, 1540790415.0058968, 1540790415.02477, 1540790415.0417426, 1540790415.0594854, 1540790415.0776062, 1540790415.0950212, 1540790415.1122735, 1540790415.131651, 1540790415.1498377, 1540790415.17091, 1540790415.1888707, 1540790415.206357, 1540790415.2241366, 1540790415.2414362, 1540790415.258684, 1540790415.2771096, 1540790415.2940347, 1540790415.312373, 1540790418.240772],