{"initial_reset_timestamp": 1540781480.6653426, "timestamps": [1540781480.7014973, 1540781480.7216551, 1540781480.742625, 1540781480.78987, 1540781480.815777, 1540781480.8469973, 1540781480.8812435, 1540781480.9236789, 1540781480.9666672, 1540781481.3706386, 1540781481.431133, 1540781481.460213, 1540781481.4903326, 1540781481.503958, 1540781481.5265455, 1540781481.614336, 1540781482.0838752, 1540781482.103228, 1540781482.1233459, 1540781482.5146487, 1540781482.5328496, 1540781482.5620859, 1540781482.588827, 1540781482.6072257, 1540781482.6299884, 1540781482.6467497, 1540781483.0195236, 1540781483.4260662, 1540781483.8194647, 1540781483.8444831, 1540781483.8887222, 1540781483.9519079, 1540781483.9773695, 1540781484.0050304, 1540781484.0567207, 1540781484.0932548, 1540781484.465607, 1540781484.5023232, 1540781484.5421124, 1540781484.564703, 1540781484.5820365, 1540781484.5953639, 1540781484.6155941, 1540781484.6754234, 1540781484.6983566, 1540781484.7180774, 1540781484.7382624, 1540781484.7880366, 1540781484.8095613, 1540781484.927266, 1540781484.951621, 1540781484.9851813, 1540781485.0222416, 1540781485.0760121, 1540781485.1143334, 1540781485.4900842, 1540781485.5292778, 1540781485.5589676, 1540781485.5828962, 1540781485.6043677, 1540781485.6162457, 1540781485.6417916, 1540781486.0576003, 1540781486.45865, 1540781486.4771805, 1540781486.5105278, 1540781486.5412202, 1540781486.573477, 1540781486.6035466, 1540781486.6253133, 1540781486.668258, 1540781486.692125, 1540781486.7205594, 1540781486.7541854, 1540781486.8569927, 1540781486.9089928, 1540781486.9284363, 1540781486.9441507, 1540781486.9618046, 1540781486.9944994, 1540781487.0297108, 1540781487.0510693, 1540781487.0712698, 1540781487.095166, 1540781487.1141288, 1540781487.1380975, 1540781487.197361, 1540781487.2265089, 1540781487.2532022, 1540781487.2819839, 1540781487.2993329, 1540781487.3222578, 1540781487.339423, 1540781487.3686929, 1540781487.3985515, 1540781487.4292228, 1540781487.4452288, 1540781487.465617, 1540781487.488913, 1540781487.5289123, 1540781487.550103, 1540781487.5816875, 1540781487.6017363, 1540781487.619057, 1540781487.636938, 1540781487.6634417, 1540781487.6798458, 1540781487.865754, 1540781487.8840704, 1540781487.9103043, 1540781488.335282, 1540781488.7164233, 1540781488.7411573, 1540781488.7676604, 1540781488.7958705, 1540781488.8119855, 1540781488.8370733, 1540781488.8715832, 1540781488.8921797, 1540781488.909962, 1540781488.9264414, 1540781488.947562, 1540781488.963804, 1540781488.9974992, 1540781489.0457654, 1540781489.0731423, 1540781489.0959995, 1540781489.132195, 1540781489.1469414, 1540781489.1754544, 1540781489.2057998, 1540781489.230935, 1540781489.2693117, 1540781489.2930195, 1540781489.3199127, 1540781489.3532088, 1540781489.378006, 1540781489.4049559, 1540781489.4288065, 1540781489.4600263, 1540781489.4938943, 1540781489.518001, 1540781489.540048, 1540781489.5554054, 1540781489.56984, 1540781489.5967038, 1540781489.62896, 1540781489.6632485, 1540781489.6935818, 1540781489.7216723, 1540781489.746618, 1540781489.765501, 1540781489.7852168, 1540781489.805086, 1540781489.8247998, 1540781489.8396623, 1540781490.1272721, 1540781490.1426105, 1540781490.1656504, 1540781490.1917038, 1540781490.216411, 1540781490.2330134, 1540781490.2538397, 1540781490.292047, 1540781490.3110404, 1540781490.341984, 1540781490.3668256, 1540781490.3859289, 1540781490.417205, 1540781490.4352996, 1540781490.4610991, 1540781490.4868083, 1540781490.5065417, 1540781490.5225623, 1540781490.5403142, 1540781490.564339, 1540781490.5835066, 1540781490.6046886, 1540781490.6258228, 1540781490.6530242, 1540781490.6873236, 1540781490.711393, 1540781490.7296395, 1540781490.7510133, 1540781490.7717166, 1540781490.8007953, 1540781490.8242245, 1540781490.8501563, 1540781490.8820026, 1540781490.9030433, 1540781490.9235356, 1540781490.9441261, 1540781490.970036, 1540781490.9960363, 1540781491.0206695, 1540781491.0477302, 1540781491.0719178, 1540781491.0919092, 1540781491.1340747, 1540781491.155494, 1540781491.1902645, 1540781491.208689, 1540781491.2386782, 1540781491.26475, 1540781491.28249, 1540781491.2998574, 1540781491.3149207, 1540781491.3365746, 1540781491.3560846, 1540781491.3735642, 1540781491.3948069, 1540781491.41184, 1540781491.4385812, 1540781491.457439, 1540781491.4763675, 1540781491.4971352, 1540781491.5185308, 1540781491.5422504, 1540781491.5684972, 1540781491.588899, 1540781491.6206224, 1540781491.6421177, 1540781491.6673067, 1540781491.6882355, 1540781491.7107613, 1540781491.7305412, 1540781491.769477, 1540781491.7990131, 1540781491.814872, 1540781491.8334787, 1540781491.852986, 1540781491.8889797, 1540781491.908956, 1540781491.9239688, 1540781491.9447033, 1540781491.9702015, 1540781491.9902937, 1540781492.006229, 1540781492.0368278, 1540781492.1373484, 1540781492.1610773, 1540781492.1808064, 1540781492.2041814, 1540781492.2351458, 1540781492.2712502, 1540781492.2962763, 1540781492.3227866, 1540781492.6829178, 1540781492.7020814, 1540781492.7245798, 1540781492.7425911, 1540781492.7574954, 1540781493.1946476, 1540781493.2210674, 1540781493.238752, 1540781493.2625222, 1540781493.287285, 1540781493.308521, 1540781493.330229, 1540781493.348358, 1540781493.3660405, 1540781493.398767, 1540781493.4331508, 1540781493.4653594, 1540781493.4892142, 1540781493.5082061, 1540781493.5299091, 1540781493.547891, 1540781493.5758665, 1540781493.5940533, 1540781493.617083, 1540781493.6541374, 1540781493.6740701, 1540781493.6938808, 1540781493.7121813, 1540781494.0732741, 1540781494.095727, 1540781494.1191862, 1540781494.1410022, 1540781494.160399, 1540781494.1847064, 1540781494.2033384, 1540781494.2243426, 1540781494.2475154, 1540781494.2848918, 1540781494.3038845, 1540781494.3235364, 1540781494.3396297, 1540781494.3572621, 1540781494.377295, 1540781494.4080632, 1540781494.430957, 1540781494.458641, 1540781494.4777462, 1540781494.5009809, 1540781494.5425045, 1540781494.566683, 1540781494.5879612, 1540781494.6082249, 1540781494.6270108, 1540781494.649688, 1540781494.6764672, 1540781494.69407, 1540781494.7163398, 1540781494.7379196, 1540781494.7595072, 1540781494.781775, 1540781494.7984211, 1540781494.8167436, 1540781494.835834, 1540781494.8550668, 1540781494.8772888, 1540781494.895401, 1540781494.919972, 1540781494.9384866, 1540781494.9616635, 1540781494.9777777, 1540781494.9942956, 1540781495.0128603, 1540781495.041643, 1540781495.0666633, 1540781495.0815306, 1540781495.1010118, 1540781495.1235595, 1540781495.1421514, 1540781495.1648972, 1540781495.2164211, 1540781495.2482145, 1540781495.2856286, 1540781499.098301],