{"initial_reset_timestamp": 1540768942.7020414, "timestamps": [1540768942.7537549, 1540768942.7808597, 1540768943.295912, 1540768943.3170958, 1540768943.7629128, 1540768943.8072746, 1540768943.852789, 1540768943.8890393, 1540768944.2994611, 1540768944.3310366, 1540768944.790963, 1540768945.2103722, 1540768945.2572465, 1540768945.7044055, 1540768945.7219899, 1540768945.7643325, 1540768945.7888694, 1540768945.8175673, 1540768945.8406663, 1540768945.8666162, 1540768945.8902292, 1540768945.9099097, 1540768946.4151783, 1540768946.4430704, 1540768947.032047, 1540768947.0519948, 1540768947.0728629, 1540768947.1035728, 1540768947.5508647, 1540768947.5762527, 1540768947.5915446, 1540768947.630449, 1540768947.665754], "episode_lengths": [109, 49, 1600, 59, 1600, 102, 108, 81, 1600, 102, 1600, 1600, 163, 1600, 55, 166, 76, 87, 59, 85, 76, 60, 1600, 94, 1600, 65, 63, 105, 1600, 90, 45, 109, 80], "episode_rewards": [-112.43692554237363, -114.80796932224327, -11.66204161623509, -115.08909562271283, -19.039010225707887, -120.07881671254829, -106.7541874723661, -108.26395567014433, -28.38728879930686, -116.82361458580581, -13.92400790073179, -16.078446963548647, -131.1160601688646, -11.16359918082607, -98.79722830938091, -103.99848340264796, -114.0468309895146, -93.37033732871964, -100.2495854555629, -94.89389263236986, -115.16774984541466, -110.89262735177299, -2.5868699438007563, -93.85642108995904, -13.430944330789746, -102.69637074272887, -119.45190706153043, -93.65061496506749, -30.158677637703782, -115.8807223386938, -106.21173886305814, -104.0653152634683, -97.33598344907762], "episode_types": ["t", "t", "t", "t", "t", "t", "t", "t", "t", "t", "t", "t", "t", "t", "t", "t", "t", "t", "t", "t", "t", "t", "t", "t", "t", "t", "t", "t", "t", "t", "t", "t", "t"]}