{"initial_reset_timestamp": 1540768724.6710172, "timestamps": [1540768724.7207642, 1540768724.7426417, 1540768725.1884992, 1540768725.2260745, 1540768725.2747338, 1540768725.3066764, 1540768725.7899792, 1540768726.3900812, 1540768726.4439268, 1540768726.517916, 1540768726.5569434, 1540768727.0699375, 1540768727.0958521, 1540768727.1314924, 1540768727.1612244, 1540768727.232556, 1540768727.273805, 1540768727.3157697, 1540768727.352234, 1540768727.3808475, 1540768727.4227881, 1540768727.4599824, 1540768727.4971695, 1540768727.5269725, 1540768728.0983918, 1540768728.131176, 1540768728.1508114, 1540768728.1780849, 1540768728.6305466, 1540768728.6595938, 1540768728.6880486, 1540768728.7374833, 1540768728.762946, 1540768728.7867246, 1540768728.8088465, 1540768728.8324223, 1540768728.8571072, 1540768728.883426, 1540768728.907269, 1540768728.9318075, 1540768728.9499812, 1540768728.9699967, 1540768728.9904122, 1540768729.0125017, 1540768729.0332987, 1540768729.04896, 1540768729.0673666, 1540768729.0823903, 1540768729.102085, 1540768729.1203496, 1540768729.1368043, 1540768729.1536593, 1540768729.1732605, 1540768729.189934, 1540768729.210829, 1540768729.2283032, 1540768729.2564447, 1540768729.2806504, 1540768729.30763, 1540768729.3359234, 1540768729.3565574, 1540768729.3749945, 1540768729.3916826, 1540768729.4140458, 1540768729.4309065, 1540768729.4701095, 1540768729.5215, 1540768729.545359, 1540768730.1007602, 1540768730.1246731, 1540768730.209343, 1540768730.2356293, 1540768730.2670865, 1540768730.2910416, 1540768730.3169556, 1540768730.725632, 1540768730.7599428, 1540768731.2627387, 1540768731.2955854, 1540768731.3270428, 1540768731.3777707, 1540768731.3962784, 1540768731.4124577, 1540768731.4422479, 1540768731.4686456, 1540768731.489869, 1540768731.5179744, 1540768731.5363297, 1540768731.558902, 1540768731.5764627, 1540768731.594278, 1540768731.7599118, 1540768731.782596, 1540768732.261577, 1540768732.2921073, 1540768732.309744, 1540768732.3306055, 1540768732.8192623, 1540768732.8514316, 1540768732.879099, 1540768732.9104466, 1540768732.9459999, 1540768732.9779758, 1540768733.0038445, 1540768733.0275838, 1540768733.0525444, 1540768733.4970791, 1540768733.5215173, 1540768733.5424128, 1540768733.569379, 1540768733.606171, 1540768733.6318097, 1540768733.6528115, 1540768733.6809576, 1540768733.7446764, 1540768733.7726665, 1540768733.797226, 1540768733.8170242, 1540768733.8424656, 1540768733.8684418, 1540768733.8874197, 1540768733.9124782, 1540768733.9333503, 1540768733.9674516, 1540768734.00122, 1540768734.0315318, 1540768734.048553, 1540768734.0739691, 1540768734.092038, 1540768734.114309, 1540768734.1354148, 1540768734.1563346, 1540768734.1923814, 1540768734.2091928, 1540768734.2303207, 1540768734.2544904, 1540768734.2877111, 1540768734.3176978, 1540768734.342905, 1540768734.3729737, 1540768734.4037528, 1540768734.42899, 1540768734.4644237, 1540768734.491369, 1540768734.5426195, 1540768734.5679731, 1540768734.587949, 1540768734.6093092, 1540768734.6283698, 1540768734.644134, 1540768734.6647377, 1540768734.6867778, 1540768734.7054281, 1540768734.7269177, 1540768734.744077, 1540768734.7669945, 1540768734.7851868, 1540768734.8202434, 1540768734.8447053, 1540768734.8640773, 1540768734.8800786, 1540768734.9029715, 1540768734.918844, 1540768734.934576, 1540768734.9520206], "episode_lengths": [120, 53, 1600, 91, 104, 72, 1600, 1600, 178, 211, 89, 1600, 95, 88, 63, 178, 110, 113, 114, 69, 87, 87, 117, 93, 1600, 71, 63, 84, 1600, 61, 55, 125, 50, 48, 55, 53, 44, 54, 45, 46, 53, 53, 55, 51, 55, 47, 52, 44, 55, 54, 44, 44, 55, 44, 65, 45, 58, 46, 53, 56, 42, 55, 46, 66, 43, 102, 144, 60, 1600, 61, 232, 52, 66, 47, 49, 1600, 68, 1600, 70, 68, 116, 52, 48, 103, 87, 71, 100, 56, 77, 54, 56, 439, 64, 1600, 63, 50, 59, 1600, 72, 45, 58, 84, 65, 59, 74, 63, 1600, 74, 59, 85, 119, 82, 65, 88, 156, 53, 64, 59, 45, 54, 56, 76, 59, 114, 117, 105, 49, 78, 42, 64, 54, 45, 60, 51, 55, 45, 68, 56, 48, 56, 55, 50, 80, 48, 156, 49, 56, 57, 54, 48, 60, 72, 55, 64, 51, 81, 60, 127, 85, 60, 47, 67, 47, 44, 55], "episode_rewards": [-112.48969395968511, -117.49939625311292, -17.77322456733496, -104.99628591007252, -94.75605811289446, -112.74571262692453, -23.769782554016764, -10.969039217386866, -106.28758823477985, -124.43054909369606, -117.92505558168875, -18.238564179160818, -100.99513826334879, -118.28507260066704, -102.32109835949977, -120.23042497443012, -113.86745198671369, -93.63788361979465, -99.20598550284213, -101.35196935585955, -115.95769932638865, -112.73371237882397, -118.02965576549855, -94.29199284753624, -11.55424762973537, -103.45582671740634, -122.71191347176895, -94.60083904851996, -23.884057299578064, -108.34059741068626, -108.82373125370805, -100.86357978924491, -101.84531244748237, -101.74084596101407, -100.2408727490786, -102.18880643919833, -103.946008999797, -101.13965109896559, -103.73865383947415, -102.47587127451443, -102.08424459231932, -101.56300239522166, -100.87043504960509, -102.6142993367761, -100.09594603190854, -103.0637622167211, -102.2244281556974, -103.2125756526176, -102.54003840733937, -102.18629136578168, -103.48708792667367, -103.0533404436076, -102.13600929308694, -104.03709659890659, -104.90029385865996, -102.86975643781186, -99.83031963620867, -103.19093363037454, -102.85602138535707, -99.27748253477162, -104.4512570928508, -100.72271139327492, -101.79057169029888, -98.93337524449494, -103.9092801166217, -117.66229769758341, -103.50320341613853, -105.07903454591063, -72.41063037761062, -97.3031863357058, -95.65047408930536, -100.51964494433126, -100.72958117196319, -106.17606779094659, -114.75156809924637, -51.782361185143195, -115.46073529069406, -44.95789540610045, -101.22345061023402, -100.46747878591685, -94.36248726836762, -101.95538797665273, -102.69725385238985, -119.4982593953609, -119.77010369365266, -100.52169714526991, -98.44803758903419, -101.03138091685737, -117.54175053736418, -100.34548069495098, -100.79989355630572, -105.37965924366623, -98.99328768634487, -43.87430031728563, -97.91941965906958, -111.4323435703441, -99.49172788859153, -31.982945626548368, -100.88587537714615, -114.85612395676684, -102.00348356047355, -102.99441547460233, -98.21805659915361, -116.5021469156392, -102.56497727480529, -117.1358126997892, -92.08612089052771, -103.27831511390514, -116.88826977918839, -119.02875946556313, -123.97865699779793, -102.9224595590285, -117.67432759449869, -107.00973495831039, -106.71739370226418, -102.52903695842225, -116.93202984035064, -117.61149223782564, -102.74572655751898, -100.46701044902859, -114.85054135565306, -104.43422670607781, -102.11302068024575, -126.7678150101024, -103.5333444159001, -97.50719026691011, -103.97414419520925, -101.02124824901291, -114.20200864397758, -105.26598554945224, -106.2112462262817, -102.75231323532326, -114.4189159515197, -103.88835327292867, -105.81702765157084, -103.81969192745919, -98.59582905606416, -101.42437183742422, -103.27828883339085, -107.21644419896447, -104.16309308770761, -105.46068928087048, -100.9018000708398, -101.67234905172154, -132.2576985944821, -106.71039832164732, -98.78402678641011, -102.8117906818005, -115.38477866843502, -103.22119386628083, -107.10774178257438, -98.89913575164317, -116.10524887923174, -100.29094672692398, -104.86453739028836, -101.83879023551425, -102.90700239190144, -130.16616003538354, -100.4975230429061, -99.62079676450878, -104.30934724116511, -107.59816277442872, -102.6385140517268, -103.71259224255894, -99.79039061974977],